date,rental
2018-01-01,4950.0
2018-01-02,7136.0
2018-01-03,7156.0
2018-01-04,7102.0
2018-01-05,7705.0
2018-01-06,5681.0
2018-01-07,5220.0
2018-01-08,6309.0
2018-01-09,5988.0
2018-01-10,4476.0
2018-01-11,4337.0
2018-01-12,4401.0
2018-01-13,3756.0
2018-01-14,4675.0
2018-01-15,6993.0
2018-01-16,7421.0
2018-01-17,6990.0
2018-01-18,7054.0
2018-01-19,8329.0
2018-01-20,6148.0
2018-01-21,5574.0
2018-01-22,4929.0
2018-01-23,4263.0
2018-01-24,3370.0
2018-01-25,3307.0
2018-01-26,3116.0
2018-01-27,2833.0
2018-01-28,3028.0
2018-01-29,4425.0
2018-01-30,3591.0
2018-01-31,4104.0
2018-02-01,5821.0
2018-02-02,6557.0
2018-02-03,3499.0
2018-02-04,2642.0
2018-02-05,4213.0
2018-02-06,4257.0
2018-02-07,5028.0
2018-02-08,6114.0
2018-02-09,6905.0
2018-02-10,4829.0
2018-02-11,3047.0
2018-02-12,5231.0
2018-02-13,6863.0
2018-02-14,7477.0
2018-02-15,3935.0
2018-02-16,3047.0
2018-02-17,3494.0
2018-02-18,5191.0
2018-02-19,8563.0
2018-02-20,8899.0
2018-02-21,8342.0
2018-02-22,8580.0
2018-02-23,6408.0
2018-02-24,7198.0
2018-02-25,7595.0
2018-02-26,10712.0
2018-02-27,10064.0
2018-02-28,4230.0
2018-03-01,5761.0
2018-03-02,9388.0
2018-03-03,16029.0
2018-03-04,5373.0
2018-03-05,9943.0
2018-03-06,14028.0
2018-03-07,12925.0
2018-03-08,8812.0
2018-03-09,13573.0
2018-03-10,13324.0
2018-03-11,15136.0
2018-03-12,15913.0
2018-03-13,19514.0
2018-03-14,24911.0
2018-03-15,7091.0
2018-03-16,18415.0
2018-03-17,20165.0
2018-03-18,11740.0
2018-03-19,10297.0
2018-03-20,13205.0
2018-03-21,8225.0
2018-03-22,16420.0
2018-03-23,17904.0
2018-03-24,14914.0
2018-03-25,13942.0
2018-03-26,15505.0
2018-03-27,17456.0
2018-03-28,21232.0
2018-03-29,21436.0
2018-03-30,24411.0
2018-03-31,25673.0
2018-04-01,22994.0
2018-04-02,28139.0
2018-04-03,26817.0
2018-04-04,26034.0
2018-04-05,2833.0
2018-04-06,13297.0
2018-04-07,13088.0
2018-04-08,7758.0
2018-04-09,23925.0
2018-04-10,20423.0
2018-04-11,25557.0
2018-04-12,28885.0
2018-04-13,29497.0
2018-04-14,8216.0
2018-04-15,12721.0
2018-04-16,29589.0
2018-04-17,28236.0
2018-04-18,23499.0
2018-04-19,20400.0
2018-04-20,28351.0
2018-04-21,33144.0
2018-04-22,8095.0
2018-04-23,1037.0
2018-04-24,24560.0
2018-04-25,33728.0
2018-04-26,32547.0
2018-04-27,32989.0
2018-04-28,33738.0
2018-04-29,35159.0
2018-04-30,32629.0
2018-05-01,34593.0
2018-05-02,8374.0
2018-05-03,25963.0
2018-05-04,34058.0
2018-05-05,37389.0
2018-05-06,19809.0
2018-05-07,40026.0
2018-05-08,33738.0
2018-05-09,37851.0
2018-05-10,36549.0
2018-05-11,33923.0
2018-05-12,3551.0
2018-05-13,35668.0
2018-05-14,35918.0
2018-05-15,36476.0
2018-05-16,7072.0
2018-05-17,3802.0
2018-05-18,19629.0
2018-05-19,43471.0
2018-05-20,39036.0
2018-05-21,42039.0
2018-05-22,17444.0
2018-05-23,35975.0
2018-05-24,36858.0
2018-05-25,37569.0
2018-05-26,37761.0
2018-05-27,39534.0
2018-05-28,40775.0
2018-05-29,29925.0
2018-05-30,39214.0
2018-05-31,41619.0
2018-06-01,41970.0
2018-06-02,41677.0
2018-06-03,40565.0
2018-06-04,44014.0
2018-06-05,44118.0
2018-06-06,40440.0
2018-06-07,42038.0
2018-06-08,46516.0
2018-06-09,32839.0
2018-06-10,39277.0
2018-06-11,30605.0
2018-06-12,46201.0
2018-06-13,49116.0
2018-06-14,30511.0
2018-06-15,45103.0
2018-06-16,46457.0
2018-06-17,43484.0
2018-06-18,36316.0
2018-06-19,47296.0
2018-06-20,46612.0
2018-06-21,47762.0
2018-06-22,47478.0
2018-06-23,45663.0
2018-06-24,39548.0
2018-06-25,46565.0
2018-06-26,6391.0
2018-06-27,41128.0
2018-06-28,27757.0
2018-06-29,42765.0
2018-06-30,26911.0
2018-07-01,4358.0
2018-07-02,6261.0
2018-07-03,41350.0
2018-07-04,45741.0
2018-07-05,39804.0
2018-07-06,49521.0
2018-07-07,48015.0
2018-07-08,48132.0
2018-07-09,8155.0
2018-07-10,27956.0
2018-07-11,35390.0
2018-07-12,43611.0
2018-07-13,44976.0
2018-07-14,39205.0
2018-07-15,34957.0
2018-07-16,40964.0
2018-07-17,43323.0
2018-07-18,42609.0
2018-07-19,42316.0
2018-07-20,40337.0
2018-07-21,32360.0
2018-07-22,28250.0
2018-07-23,38003.0
2018-07-24,37486.0
2018-07-25,39225.0
2018-07-26,37796.0
2018-07-27,34985.0
2018-07-28,24649.0
2018-07-29,28317.0
2018-07-30,36701.0
2018-07-31,35262.0
2018-08-01,31169.0
2018-08-02,31321.0
2018-08-03,31646.0
2018-08-04,28174.0
2018-08-05,26989.0
2018-08-06,29113.0
2018-08-07,36983.0
2018-08-08,37140.0
2018-08-09,32216.0
2018-08-10,36178.0
2018-08-11,31293.0
2018-08-12,27363.0
2018-08-13,36076.0
2018-08-14,37659.0
2018-08-15,29270.0
2018-08-16,41358.0
2018-08-17,47634.0
2018-08-18,45629.0
2018-08-19,42281.0
2018-08-20,44243.0
2018-08-21,41964.0
2018-08-22,42425.0
2018-08-23,23616.0
2018-08-24,17319.0
2018-08-25,47109.0
2018-08-26,32200.0
2018-08-27,23382.0
2018-08-28,13495.0
2018-08-29,13001.0
2018-08-30,33158.0
2018-08-31,46101.0
2018-09-01,43847.0
2018-09-02,48427.0
2018-09-03,16086.0
2018-09-04,50500.0
2018-09-05,53984.0
2018-09-06,46532.0
2018-09-07,53230.0
2018-09-08,55470.0
2018-09-09,54213.0
2018-09-10,55188.0
2018-09-11,56212.0
2018-09-12,57363.0
2018-09-13,55791.0
2018-09-14,49383.0
2018-09-15,44808.0
2018-09-16,24317.0
2018-09-17,55335.0
2018-09-18,57691.0
2018-09-19,44096.0
2018-09-20,23616.0
2018-09-21,32242.0
2018-09-22,49688.0
2018-09-23,38635.0
2018-09-24,36406.0
2018-09-25,49595.0
2018-09-26,57730.0
2018-09-27,58200.0
2018-09-28,59649.0
2018-09-29,63866.0
2018-09-30,55893.0
2018-10-01,51808.0
2018-10-02,57280.0
2018-10-03,64671.0
2018-10-04,59413.0
2018-10-05,7772.0
2018-10-06,32510.0
2018-10-07,57873.0
2018-10-08,57247.0
2018-10-09,61525.0
2018-10-10,44876.0
2018-10-11,44489.0
2018-10-12,48529.0
2018-10-13,49203.0
2018-10-14,49025.0
2018-10-15,49503.0
2018-10-16,51236.0
2018-10-17,49795.0
2018-10-18,49560.0
2018-10-19,52122.0
2018-10-20,49815.0
2018-10-21,48346.0
2018-10-22,49889.0
2018-10-23,40223.0
2018-10-24,50343.0
2018-10-25,52181.0
2018-10-26,24308.0
2018-10-27,33699.0
2018-10-28,20882.0
2018-10-29,36107.0
2018-10-30,37382.0
2018-10-31,39009.0
2018-11-01,41911.0
2018-11-02,44917.0
2018-11-03,40640.0
2018-11-04,39973.0
2018-11-05,43870.0
2018-11-06,39680.0
2018-11-07,29492.0
2018-11-08,2730.0
2018-11-09,34673.0
2018-11-10,34194.0
2018-11-11,23926.0
2018-11-12,38706.0
2018-11-13,40263.0
2018-11-14,41973.0
2018-11-15,39702.0
2018-11-16,37629.0
2018-11-17,28167.0
2018-11-18,26464.0
2018-11-19,34352.0
2018-11-20,34855.0
2018-11-21,28140.0
2018-11-22,29239.0
2018-11-23,28620.0
2018-11-24,11255.0
2018-11-25,19946.0
2018-11-26,30698.0
2018-11-27,28806.0
2018-11-28,29177.0
2018-11-29,28977.0
2018-11-30,28557.0
2018-12-01,24622.0
2018-12-02,23035.0
2018-12-03,10638.0
2018-12-04,20029.0
2018-12-05,23535.0
2018-12-06,23788.0
2018-12-07,15148.0
2018-12-08,9824.0
2018-12-09,8749.0
2018-12-10,17987.0
2018-12-11,20805.0
2018-12-12,19339.0
2018-12-13,11765.0
2018-12-14,14932.0
2018-12-15,12720.0
2018-12-16,10783.0
2018-12-17,17449.0
2018-12-18,20917.0
2018-12-19,21970.0
2018-12-20,22881.0
2018-12-21,23422.0
2018-12-22,17127.0
2018-12-23,13601.0
2018-12-24,16579.0
2018-12-25,12437.0
2018-12-26,17112.0
2018-12-27,11325.0
2018-12-28,10445.0
2018-12-29,8083.0
2018-12-30,7864.0
2018-12-31,11911.0
2019-01-01,8601.0
2019-01-02,14360.0
2019-01-03,16344.0
2019-01-04,17308.0
2019-01-05,12380.0
2019-01-06,11094.0
2019-01-07,16795.0
2019-01-08,15833.0
2019-01-09,15819.0
2019-01-10,17894.0
2019-01-11,19271.0
2019-01-12,14519.0
2019-01-13,11751.0
2019-01-14,14818.0
2019-01-15,14761.0
2019-01-16,15823.0
2019-01-17,17960.0
2019-01-18,18901.0
2019-01-19,14883.0
2019-01-20,11191.0
2019-01-21,17240.0
2019-01-22,19885.0
2019-01-23,19163.0
2019-01-24,20057.0
2019-01-25,18159.0
2019-01-26,13203.0
2019-01-27,12440.0
2019-01-28,17317.0
2019-01-29,19477.0
2019-01-30,20677.0
2019-01-31,17649.0
2019-02-01,17696.0
2019-02-02,13742.0
2019-02-03,2010.0
2019-02-04,8562.0
2019-02-05,9119.0
2019-02-06,13694.0
2019-02-07,14533.0
2019-02-08,14782.0
2019-02-09,11760.0
2019-02-10,9759.0
2019-02-11,16881.0
2019-02-12,18862.0
2019-02-13,18411.0
2019-02-14,19376.0
2019-02-15,9213.0
2019-02-16,12641.0
2019-02-17,13390.0
2019-02-18,19916.0
2019-02-19,11689.0
2019-02-20,19572.0
2019-02-21,20995.0
2019-02-22,21727.0
2019-02-23,23742.0
2019-02-24,21933.0
2019-02-25,23445.0
2019-02-26,28010.0
2019-02-27,28652.0
2019-02-28,27431.0
2019-03-01,21751.0
2019-03-02,22503.0
2019-03-03,24382.0
2019-03-04,26887.0
2019-03-05,24042.0
2019-03-06,25379.0
2019-03-07,31156.0
2019-03-08,33073.0
2019-03-09,32421.0
2019-03-10,31050.0
2019-03-11,28539.0
2019-03-12,25537.0
2019-03-13,28653.0
2019-03-14,30997.0
2019-03-15,20481.0
2019-03-16,26057.0
2019-03-17,35622.0
2019-03-18,36313.0
2019-03-19,39908.0
2019-03-20,16204.0
2019-03-21,26455.0
2019-03-22,32363.0
2019-03-23,21696.0
2019-03-24,31622.0
2019-03-25,34226.0
2019-03-26,42644.0
2019-03-27,35832.0
2019-03-28,38806.0
2019-03-29,43893.0
2019-03-30,14001.0
2019-03-31,22326.0
2019-04-01,37660.0
2019-04-02,42029.0
2019-04-03,43257.0
2019-04-04,45681.0
2019-04-05,45643.0
2019-04-06,25902.0
2019-04-07,55943.0
2019-04-08,52643.0
2019-04-09,24734.0
2019-04-10,26421.0
2019-04-11,51013.0
2019-04-12,55125.0
2019-04-13,57020.0
2019-04-14,28467.0
2019-04-15,55422.0
2019-04-16,60566.0
2019-04-17,62522.0
2019-04-18,50439.0
2019-04-19,60925.0
2019-04-20,51068.0
2019-04-21,53339.0
2019-04-22,63995.0
2019-04-23,58811.0
2019-04-24,55815.0
2019-04-25,22471.0
2019-04-26,26484.0
2019-04-27,65124.0
2019-04-28,56012.0
2019-04-29,63256.0
2019-04-30,70213.0
2019-05-01,76439.0
2019-05-02,72430.0
2019-05-03,73647.0
2019-05-04,66392.0
2019-05-05,66911.0
2019-05-06,74806.0
2019-05-07,70506.0
2019-05-08,70426.0
2019-05-09,71707.0
2019-05-10,74960.0
2019-05-11,76110.0
2019-05-12,73318.0
2019-05-13,68389.0
2019-05-14,78385.0
2019-05-15,76969.0
2019-05-16,75399.0
2019-05-17,79158.0
2019-05-18,79583.0
2019-05-19,12749.0
2019-05-20,72066.0
2019-05-21,80599.0
2019-05-22,80735.0
2019-05-23,78504.0
2019-05-24,77190.0
2019-05-25,75791.0
2019-05-26,74327.0
2019-05-27,30670.0
2019-05-28,83654.0
2019-05-29,83496.0
2019-05-30,73814.0
2019-05-31,83765.0
2019-06-01,79878.0
2019-06-02,77091.0
2019-06-03,82911.0
2019-06-04,83576.0
2019-06-05,81515.0
2019-06-06,36945.0
2019-06-07,54701.0
2019-06-08,83736.0
2019-06-09,60371.0
2019-06-10,63032.0
2019-06-11,85776.0
2019-06-12,83506.0
2019-06-13,81540.0
2019-06-14,85533.0
2019-06-15,71883.0
2019-06-16,81803.0
2019-06-17,86987.0
2019-06-18,42393.0
2019-06-19,79958.0
2019-06-20,88226.0
2019-06-21,81089.0
2019-06-22,85728.0
2019-06-23,79269.0
2019-06-24,88432.0
2019-06-25,88096.0
2019-06-26,81274.0
2019-06-27,79234.0
2019-06-28,77056.0
2019-06-29,67346.0
2019-06-30,74994.0
2019-07-01,92814.0
2019-07-02,94783.0
2019-07-03,94773.0
2019-07-04,90397.0
2019-07-05,83994.0
2019-07-06,70246.0
2019-07-07,75116.0
2019-07-08,93609.0
2019-07-09,95859.0
2019-07-10,43842.0
2019-07-11,65003.0
2019-07-12,94473.0
2019-07-13,81067.0
2019-07-14,74259.0
2019-07-15,57917.0
2019-07-16,82285.0
2019-07-17,84261.0
2019-07-18,81613.0
2019-07-19,77449.0
2019-07-20,56648.0
2019-07-21,46130.0
2019-07-22,82781.0
2019-07-23,83206.0
2019-07-24,59020.0
2019-07-25,34778.0
2019-07-26,22789.0
2019-07-27,50955.0
2019-07-28,23342.0
2019-07-29,74046.0
2019-07-30,69757.0
2019-07-31,26874.0
2019-08-01,59803.0
2019-08-02,67510.0
2019-08-03,49047.0
2019-08-04,46477.0
2019-08-05,65085.0
2019-08-06,66703.0
2019-08-07,50804.0
2019-08-08,69748.0
2019-08-09,67491.0
2019-08-10,54162.0
2019-08-11,43351.0
2019-08-12,24386.0
2019-08-13,63749.0
2019-08-14,65452.0
2019-08-15,32229.0
2019-08-16,71161.0
2019-08-17,72259.0
2019-08-18,72588.0
2019-08-19,81832.0
2019-08-20,82116.0
2019-08-21,56957.0
2019-08-22,82232.0
2019-08-23,86624.0
2019-08-24,85630.0
2019-08-25,81028.0
2019-08-26,87770.0
2019-08-27,83107.0
2019-08-28,88718.0
2019-08-29,65708.0
2019-08-30,86733.0
2019-08-31,90724.0
2019-09-01,89191.0
2019-09-02,92510.0
2019-09-03,74801.0
2019-09-04,27168.0
2019-09-05,33929.0
2019-09-06,16631.0
2019-09-07,34343.0
2019-09-08,52055.0
2019-09-09,68370.0
2019-09-10,18265.0
2019-09-11,75328.0
2019-09-12,32059.0
2019-09-13,57065.0
2019-09-14,48756.0
2019-09-15,82678.0
2019-09-16,89807.0
2019-09-17,92153.0
2019-09-18,92045.0
2019-09-19,91554.0
2019-09-20,94246.0
2019-09-21,86676.0
2019-09-22,41173.0
2019-09-23,92006.0
2019-09-24,93546.0
2019-09-25,92665.0
2019-09-26,92247.0
2019-09-27,93345.0
2019-09-28,89550.0
2019-09-29,86133.0
2019-09-30,88270.0
2019-10-01,88575.0
2019-10-02,27368.0
2019-10-03,75438.0
2019-10-04,94912.0
2019-10-05,83020.0
2019-10-06,82855.0
2019-10-07,21875.0
2019-10-08,81524.0
2019-10-09,85638.0
2019-10-10,81742.0
2019-10-11,92155.0
2019-10-12,84843.0
2019-10-13,84368.0
2019-10-14,79509.0
2019-10-15,85516.0
2019-10-16,84549.0
2019-10-17,85596.0
2019-10-18,89551.0
2019-10-19,87553.0
2019-10-20,79300.0
2019-10-21,84488.0
2019-10-22,88478.0
2019-10-23,87991.0
2019-10-24,89520.0
2019-10-25,84617.0
2019-10-26,67578.0
2019-10-27,65774.0
2019-10-28,67175.0
2019-10-29,71135.0
2019-10-30,76898.0
2019-10-31,76860.0
2019-11-01,77604.0
2019-11-02,68223.0
2019-11-03,67452.0
2019-11-04,78874.0
2019-11-05,78675.0
2019-11-06,74812.0
2019-11-07,68315.0
2019-11-08,65110.0
2019-11-09,60693.0
2019-11-10,40503.0
2019-11-11,58957.0
2019-11-12,68210.0
2019-11-13,39198.0
2019-11-14,45095.0
2019-11-15,15069.0
2019-11-16,45493.0
2019-11-17,11303.0
2019-11-18,37496.0
2019-11-19,40356.0
2019-11-20,42026.0
2019-11-21,47091.0
2019-11-22,56700.0
2019-11-23,54283.0
2019-11-24,24304.0
2019-11-25,42677.0
2019-11-26,52464.0
2019-11-27,46248.0
2019-11-28,46983.0
2019-11-29,44689.0
2019-11-30,38366.0
2019-12-01,9680.0
2019-12-02,34397.0
2019-12-03,33580.0
2019-12-04,38576.0
2019-12-05,29277.0
2019-12-06,26723.0
2019-12-07,23013.0
2019-12-08,22597.0
2019-12-09,34140.0
2019-12-10,33275.0
2019-12-11,34049.0
2019-12-12,33704.0
2019-12-13,34258.0
2019-12-14,27424.0
2019-12-15,29692.0
2019-12-16,41750.0
2019-12-17,25644.0
2019-12-18,34899.0
2019-12-19,32972.0
2019-12-20,32521.0
2019-12-21,20302.0
2019-12-22,24430.0
2019-12-23,29028.0
2019-12-24,33334.0
2019-12-25,22428.0
2019-12-26,25007.0
2019-12-27,29243.0
2019-12-28,26046.0
2019-12-29,18701.0
2019-12-30,22952.0
2019-12-31,18436.0
2020-01-01,16236.0
2020-01-02,28890.0
2020-01-03,30809.0
2020-01-04,25709.0
2020-01-05,23206.0
2020-01-06,15381.0
2020-01-07,1920.0
2020-01-08,21522.0
2020-01-09,28711.0
2020-01-10,29395.0
2020-01-11,23246.0
2020-01-12,19842.0
2020-01-13,26786.0
2020-01-14,28435.0
2020-01-15,28391.0
2020-01-16,29026.0
2020-01-17,29626.0
2020-01-18,24635.0
2020-01-19,17682.0
2020-01-20,28611.0
2020-01-21,30618.0
2020-01-22,33011.0
2020-01-23,34466.0
2020-01-24,19230.0
2020-01-25,15233.0
2020-01-26,22685.0
2020-01-27,16836.0
2020-01-28,32098.0
2020-01-29,37990.0
2020-01-30,38079.0
2020-01-31,35857.0
2020-02-01,27151.0
2020-02-02,22384.0
2020-02-03,29681.0
2020-02-04,23006.0
2020-02-05,20311.0
2020-02-06,22401.0
2020-02-07,26540.0
2020-02-08,22046.0
2020-02-09,21099.0
2020-02-10,33956.0
2020-02-11,40563.0
2020-02-12,10698.0
2020-02-13,34375.0
2020-02-14,41229.0
2020-02-15,29837.0
2020-02-16,6798.0
2020-02-17,13777.0
2020-02-18,19773.0
2020-02-19,32721.0
2020-02-20,36027.0
2020-02-21,29779.0
2020-02-22,18290.0
2020-02-23,25159.0
2020-02-24,36094.0
2020-02-25,15939.0
2020-02-26,35773.0
2020-02-27,38526.0
2020-02-28,12644.0
2020-02-29,35697.0
2020-03-01,24431.0
2020-03-02,36641.0
2020-03-03,39447.0
2020-03-04,31269.0
2020-03-05,35851.0
2020-03-06,40897.0
2020-03-07,42379.0
2020-03-08,54245.0
2020-03-09,53020.0
2020-03-10,10606.0
2020-03-11,45245.0
2020-03-12,50094.0
2020-03-13,43554.0
2020-03-14,42569.0
2020-03-15,33215.0
2020-03-16,42441.0
2020-03-17,47241.0
2020-03-18,62119.0
2020-03-19,24256.0
2020-03-20,53839.0
2020-03-21,63759.0
2020-03-22,64436.0
2020-03-23,63686.0
2020-03-24,69998.0
2020-03-25,73460.0
2020-03-26,47633.0
2020-03-27,60183.0
2020-03-28,64677.0
2020-03-29,68430.0
2020-03-30,69293.0
2020-03-31,74621.0
2020-04-01,70258.0
2020-04-02,72129.0
2020-04-03,74856.0
2020-04-04,66405.0
2020-04-05,64111.0
2020-04-06,68414.0
2020-04-07,73685.0
2020-04-08,72863.0
2020-04-09,73382.0
2020-04-10,75021.0
2020-04-11,75637.0
2020-04-12,63335.0
2020-04-13,77604.0
2020-04-14,83798.0
2020-04-15,89789.0
2020-04-16,83970.0
2020-04-17,35656.0
2020-04-18,92829.0
2020-04-19,29375.0
2020-04-20,56129.0
2020-04-21,58746.0
2020-04-22,51337.0
2020-04-23,64765.0
2020-04-24,72883.0
2020-04-25,78419.0
2020-04-26,82600.0
2020-04-27,77149.0
2020-04-28,86541.0
2020-04-29,88827.0
2020-04-30,96877.0
2020-05-01,93249.0
2020-05-02,88508.0
2020-05-03,89287.0
2020-05-04,93579.0
2020-05-05,88219.0
2020-05-06,88561.0
2020-05-07,90645.0
2020-05-08,63474.0
2020-05-09,7600.0
2020-05-10,65932.0
2020-05-11,76042.0
2020-05-12,78200.0
2020-05-13,89183.0
2020-05-14,89149.0
2020-05-15,13782.0
2020-05-16,64549.0
2020-05-17,89449.0
2020-05-18,36761.0
2020-05-19,55556.0
2020-05-20,88257.0
2020-05-21,93930.0
2020-05-22,89317.0
2020-05-23,101256.0
2020-05-24,80357.0
2020-05-25,92531.0
2020-05-26,68498.0
2020-05-27,101949.0
2020-05-28,99792.0
2020-05-29,103999.0
2020-05-30,105172.0
2020-05-31,93547.0
2020-06-01,99930.0
2020-06-02,79833.0
2020-06-03,103887.0
2020-06-04,97656.0
2020-06-05,107343.0
2020-06-06,105033.0
2020-06-07,101848.0
2020-06-08,103582.0
2020-06-09,102084.0
2020-06-10,58133.0
2020-06-11,100031.0
2020-06-12,109210.0
2020-06-13,90396.0
2020-06-14,94406.0
2020-06-15,108320.0
2020-06-16,106519.0
2020-06-17,107723.0
2020-06-18,110377.0
2020-06-19,109124.0
2020-06-20,102333.0
2020-06-21,95453.0
2020-06-22,98394.0
2020-06-23,103214.0
2020-06-24,19756.0
2020-06-25,46415.0
2020-06-26,96150.0
2020-06-27,107001.0
2020-06-28,98568.0
2020-06-29,70053.0
2020-06-30,38086.0
2020-07-01,105196.0
2020-07-02,107842.0
2020-07-03,102753.0
2020-07-04,98488.0
2020-07-05,104664.0
2020-07-06,106825.0
2020-07-07,91407.0
2020-07-08,105876.0
2020-07-09,102828.0
2020-07-10,90880.0
2020-07-11,103657.0
2020-07-12,57367.0
2020-07-13,4859.0
2020-07-14,85486.0
2020-07-15,106949.0
2020-07-16,102741.0
2020-07-17,99949.0
2020-07-18,98309.0
2020-07-19,60804.0
2020-07-20,72291.0
2020-07-21,100825.0
2020-07-22,46448.0
2020-07-23,10739.0
2020-07-24,76995.0
2020-07-25,102498.0
2020-07-26,94802.0
2020-07-27,52922.0
2020-07-28,68214.0
2020-07-29,31724.0
2020-07-30,92468.0
2020-07-31,95705.0
2020-08-01,34998.0
2020-08-02,11491.0
2020-08-03,17575.0
2020-08-04,49378.0
2020-08-05,28751.0
2020-08-06,51456.0
2020-08-07,78071.0
2020-08-08,40020.0
2020-08-09,12384.0
2020-08-10,23519.0
2020-08-11,50974.0
2020-08-12,78261.0
2020-08-13,79353.0
2020-08-14,72875.0
2020-08-15,26267.0
2020-08-16,66011.0
2020-08-17,73368.0
2020-08-18,82202.0
2020-08-19,84665.0
2020-08-20,85420.0
2020-08-21,78701.0
2020-08-22,40126.0
2020-08-23,80594.0
2020-08-24,90297.0
2020-08-25,87894.0
2020-08-26,40169.0
2020-08-27,32745.0
2020-08-28,62045.0
2020-08-29,33797.0
2020-08-30,52904.0
2020-08-31,87662.0
2020-09-01,87892.0
2020-09-02,13744.0
2020-09-03,71524.0
2020-09-04,115059.0
2020-09-05,113253.0
2020-09-06,54125.0
2020-09-07,3144.0
2020-09-08,104606.0
2020-09-09,75412.0
2020-09-10,107150.0
2020-09-11,61474.0
2020-09-12,44703.0
2020-09-13,118921.0
2020-09-14,106465.0
2020-09-15,111912.0
2020-09-16,88745.0
2020-09-17,110088.0
2020-09-18,118363.0
2020-09-19,117633.0
2020-09-20,110798.0
2020-09-21,108369.0
2020-09-22,112619.0
2020-09-23,111343.0
2020-09-24,111994.0
2020-09-25,114720.0
2020-09-26,115111.0
2020-09-27,109610.0
2020-09-28,107714.0
2020-09-29,113823.0
2020-09-30,71676.0
2020-10-01,82099.0
2020-10-02,75275.0
2020-10-03,97726.0
2020-10-04,86091.0
2020-10-05,93156.0
2020-10-06,100369.0
2020-10-07,103348.0
2020-10-08,105509.0
2020-10-09,104087.0
2020-10-10,104678.0
2020-10-11,95405.0
2020-10-12,97721.0
2020-10-13,97160.0
2020-10-14,92998.0
2020-10-15,92555.0
2020-10-16,92609.0
2020-10-17,94840.0
2020-10-18,89401.0
2020-10-19,95110.0
2020-10-20,98577.0
2020-10-21,96566.0
2020-10-22,92100.0
2020-10-23,84672.0
2020-10-24,77452.0
2020-10-25,80497.0
2020-10-26,92374.0
2020-10-27,95411.0
2020-10-28,95033.0
2020-10-29,92267.0
2020-10-30,97088.0
2020-10-31,89444.0
2020-11-01,32925.0
2020-11-02,86705.0
2020-11-03,69439.0
2020-11-04,74159.0
2020-11-05,85090.0
2020-11-06,91815.0
2020-11-07,84151.0
2020-11-08,62244.0
2020-11-09,73482.0
2020-11-10,81965.0
2020-11-11,86595.0
2020-11-12,88193.0
2020-11-13,90754.0
2020-11-14,81553.0
2020-11-15,69098.0
2020-11-16,87583.0
2020-11-17,81258.0
2020-11-18,44452.0
2020-11-19,34590.0
2020-11-20,60332.0
2020-11-21,60290.0
2020-11-22,34828.0
2020-11-23,58766.0
2020-11-24,61865.0
2020-11-25,64921.0
2020-11-26,64297.0
2020-11-27,58092.0
2020-11-28,38492.0
2020-11-29,32211.0
2020-11-30,49925.0
2020-12-01,53885.0
2020-12-02,55611.0
2020-12-03,51533.0
2020-12-04,50915.0
2020-12-05,42953.0
2020-12-06,40616.0
2020-12-07,49809.0
2020-12-08,47614.0
2020-12-09,50476.0
2020-12-10,53421.0
2020-12-11,53536.0
2020-12-12,42146.0
2020-12-13,14362.0
2020-12-14,28030.0
2020-12-15,28028.0
2020-12-16,27678.0
2020-12-17,32315.0
2020-12-18,30195.0
2020-12-19,24130.0
2020-12-20,23442.0
2020-12-21,37286.0
2020-12-22,42486.0
2020-12-23,42218.0
2020-12-24,41102.0
2020-12-25,28600.0
2020-12-26,37137.0
2020-12-27,37103.0
2020-12-28,46912.0
2020-12-29,35747.0
2020-12-30,22488.0
2020-12-31,24535.0
2021-01-01,22274.0
2021-01-02,23631.0
2021-01-03,21809.0
2021-01-04,32957.0
2021-01-05,29033.0
2021-01-06,22261.0
2021-01-07,5549.0
2021-01-08,8029.0
2021-01-09,9082.0
2021-01-10,11116.0
2021-01-11,19525.0
2021-01-12,12827.0
2021-01-13,19780.0
2021-01-14,32603.0
2021-01-15,32429.0
2021-01-16,22524.0
2021-01-17,18081.0
2021-01-18,18110.0
2021-01-19,26940.0
2021-01-20,36983.0
2021-01-21,17451.0
2021-01-22,34963.0
2021-01-23,43368.0
2021-01-24,50024.0
2021-01-25,54669.0
2021-01-26,26272.0
2021-01-27,45639.0
2021-01-28,22745.0
2021-01-29,24435.0
2021-01-30,28379.0
2021-01-31,38533.0
2021-02-01,41152.0
2021-02-02,31136.0
2021-02-03,31016.0
2021-02-04,20201.0
2021-02-05,37675.0
2021-02-06,41507.0
2021-02-07,35676.0
2021-02-08,34253.0
2021-02-09,41159.0
2021-02-10,46659.0
2021-02-11,37794.0
2021-02-12,38251.0
2021-02-13,51329.0
2021-02-14,44734.0
2021-02-15,32504.0
2021-02-16,23008.0
2021-02-17,23281.0
2021-02-18,30267.0
2021-02-19,45223.0
2021-02-20,60703.0
2021-02-21,71467.0
2021-02-22,54943.0
2021-02-23,45246.0
2021-02-24,54470.0
2021-02-25,53694.0
2021-02-26,67686.0
2021-02-27,76214.0
2021-02-28,63298.0
2021-03-01,2966.0
2021-03-02,51013.0
2021-03-03,62386.0
2021-03-04,66283.0
2021-03-05,76821.0
2021-03-06,61833.0
2021-03-07,72037.0
2021-03-08,71470.0
2021-03-09,72364.0
2021-03-10,77153.0
2021-03-11,74080.0
2021-03-12,67097.0
2021-03-13,79057.0
2021-03-14,72694.0
2021-03-15,73254.0
2021-03-16,71318.0
2021-03-17,82757.0
2021-03-18,85416.0
2021-03-19,98932.0
2021-03-20,25486.0
2021-03-21,55103.0
2021-03-22,75928.0
2021-03-23,85788.0
2021-03-24,91845.0
2021-03-25,94209.0
2021-03-26,97153.0
2021-03-27,20331.0
2021-03-28,32571.0
2021-03-29,74935.0
2021-03-30,98689.0
2021-03-31,113259.0
2021-04-01,116640.0
2021-04-02,110607.0
2021-04-03,14026.0
2021-04-04,94160.0
2021-04-05,110533.0
2021-04-06,114292.0
2021-04-07,114207.0
2021-04-08,105191.0
2021-04-09,113974.0
2021-04-10,110980.0
2021-04-11,113592.0
2021-04-12,28992.0
2021-04-13,84172.0
2021-04-14,98226.0
2021-04-15,108960.0
2021-04-16,82177.0
2021-04-17,71082.0
2021-04-18,100004.0
2021-04-19,108598.0
2021-04-20,113785.0
2021-04-21,119380.0
2021-04-22,116722.0
2021-04-23,116476.0
2021-04-24,118773.0
2021-04-25,127151.0
2021-04-26,122090.0
2021-04-27,103959.0
2021-04-28,115380.0
2021-04-29,105944.0
2021-04-30,83165.0
2021-05-01,41123.0
2021-05-02,115492.0
2021-05-03,122393.0
2021-05-04,24069.0
2021-05-05,125213.0
2021-05-06,121660.0
2021-05-07,88097.0
2021-05-08,73912.0
2021-05-09,114851.0
2021-05-10,93814.0
2021-05-11,130314.0
2021-05-12,130245.0
2021-05-13,128298.0
2021-05-14,128239.0
2021-05-15,36082.0
2021-05-16,2514.0
2021-05-17,60065.0
2021-05-18,127759.0
2021-05-19,133864.0
2021-05-20,67451.0
2021-05-21,78809.0
2021-05-22,128763.0
2021-05-23,115588.0
2021-05-24,122961.0
2021-05-25,93453.0
2021-05-26,120987.0
2021-05-27,74271.0
2021-05-28,78928.0
2021-05-29,63064.0
2021-05-30,92536.0
2021-05-31,115335.0
2021-06-01,110305.0
2021-06-02,130227.0
2021-06-03,41123.0
2021-06-04,131838.0
2021-06-05,127568.0
2021-06-06,116208.0
2021-06-07,121944.0
2021-06-08,129558.0
2021-06-09,126823.0
2021-06-10,82549.0
2021-06-11,120869.0
2021-06-12,116059.0
2021-06-13,103603.0
2021-06-14,128217.0
2021-06-15,97851.0
2021-06-16,139346.0
2021-06-17,115752.0
2021-06-18,78992.0
2021-06-19,122359.0
2021-06-20,114793.0
2021-06-21,138150.0
2021-06-22,124808.0
2021-06-23,126714.0
2021-06-24,134714.0
2021-06-25,140870.0
2021-06-26,105813.0
2021-06-27,92869.0
2021-06-28,106378.0
2021-06-29,111907.0
2021-06-30,122200.0
2021-07-01,138855.0
2021-07-02,137755.0
2021-07-03,51624.0
2021-07-04,34280.0
2021-07-05,137012.0
2021-07-06,141676.0
2021-07-07,120685.0
2021-07-08,120509.0
2021-07-09,133467.0
2021-07-10,108159.0
2021-07-11,83832.0
2021-07-12,127772.0
2021-07-13,127633.0
2021-07-14,122931.0
2021-07-15,103482.0
2021-07-16,104228.0
2021-07-17,104910.0
2021-07-18,93806.0
2021-07-19,95132.0
2021-07-20,120043.0
2021-07-21,117569.0
2021-07-22,114672.0
2021-07-23,113117.0
2021-07-24,91773.0
2021-07-25,80957.0
2021-07-26,113912.0
2021-07-27,113813.0
2021-07-28,108399.0
2021-07-29,111818.0
2021-07-30,113329.0
2021-07-31,90356.0
2021-08-01,41845.0
2021-08-02,99544.0
2021-08-03,117242.0
2021-08-04,117405.0
2021-08-05,118205.0
2021-08-06,117103.0
2021-08-07,109849.0
2021-08-08,74145.0
2021-08-09,126850.0
2021-08-10,130505.0
2021-08-11,126807.0
2021-08-12,105295.0
2021-08-13,133625.0
2021-08-14,126122.0
2021-08-15,117873.0
2021-08-16,114058.0
2021-08-17,82028.0
2021-08-18,118076.0
2021-08-19,143490.0
2021-08-20,137294.0
2021-08-21,40149.0
2021-08-22,119042.0
2021-08-23,46686.0
2021-08-24,40740.0
2021-08-25,119576.0
2021-08-26,120865.0
2021-08-27,84328.0
2021-08-28,132238.0
2021-08-29,119703.0
2021-08-30,140368.0
2021-08-31,24918.0
2021-09-01,120894.0
2021-09-02,138015.0
2021-09-03,152417.0
2021-09-04,147188.0
2021-09-05,137477.0
2021-09-06,73466.0
2021-09-07,14591.0
2021-09-08,138853.0
2021-09-09,144735.0
2021-09-10,140589.0
2021-09-11,135402.0
2021-09-12,127028.0
2021-09-13,141744.0
2021-09-14,143589.0
2021-09-15,145669.0
2021-09-16,145375.0
2021-09-17,149248.0
2021-09-18,128566.0
2021-09-19,112630.0
2021-09-20,104603.0
2021-09-21,77695.0
2021-09-22,116915.0
2021-09-23,145809.0
2021-09-24,151973.0
2021-09-25,143617.0
2021-09-26,139182.0
2021-09-27,126623.0
2021-09-28,89055.0
2021-09-29,57781.0
2021-09-30,145928.0
2021-10-01,138491.0
2021-10-02,136182.0
2021-10-03,135425.0
2021-10-04,75930.0
2021-10-05,119181.0
2021-10-06,79697.0
2021-10-07,116818.0
2021-10-08,70341.0
2021-10-09,122751.0
2021-10-10,36212.0
2021-10-11,122066.0
2021-10-12,136913.0
2021-10-13,146363.0
2021-10-14,145060.0
2021-10-15,128018.0
2021-10-16,83290.0
2021-10-17,69495.0
2021-10-18,89456.0
2021-10-19,105129.0
2021-10-20,116327.0
2021-10-21,116401.0
2021-10-22,121592.0
2021-10-23,107272.0
2021-10-24,99056.0
2021-10-25,116265.0
2021-10-26,125167.0
2021-10-27,123048.0
2021-10-28,126416.0
2021-10-29,129282.0
2021-10-30,111853.0
2021-10-31,96432.0
2021-11-01,119911.0
2021-11-02,128186.0
2021-11-03,129594.0
2021-11-04,123993.0
2021-11-05,130048.0
2021-11-06,118833.0
2021-11-07,111896.0
2021-11-08,18569.0
2021-11-09,38917.0
2021-11-10,82413.0
2021-11-11,93961.0
2021-11-12,93366.0
2021-11-13,89598.0
2021-11-14,88655.0
2021-11-15,107707.0
2021-11-16,108002.0
2021-11-17,108450.0
2021-11-18,105793.0
2021-11-19,113731.0
2021-11-20,87061.0
2021-11-21,65968.0
2021-11-22,72570.0
2021-11-23,73003.0
2021-11-24,87852.0
2021-11-25,91716.0
2021-11-26,85807.0
2021-11-27,71353.0
2021-11-28,66888.0
2021-11-29,94863.0
2021-11-30,28587.0
2021-12-01,62785.0
2021-12-02,65547.0
2021-12-03,70087.0
2021-12-04,59475.0
2021-12-05,58055.0
2021-12-06,84020.0
2021-12-07,89379.0
2021-12-08,90993.0
2021-12-09,88633.0
2021-12-10,73232.0
2021-12-11,69787.0
2021-12-12,46233.0
2021-12-13,62218.0
2021-12-14,56280.0
2021-12-15,67884.0
2021-12-16,80657.0
2021-12-17,48342.0
2021-12-18,23784.0
2021-12-19,19804.0
2021-12-20,63330.0
2021-12-21,71556.0
2021-12-22,73644.0
2021-12-23,75058.0
2021-12-24,55216.0
2021-12-25,18859.0
2021-12-26,16485.0
2021-12-27,42521.0
2021-12-28,51268.0
2021-12-29,52017.0
2021-12-30,48993.0
2021-12-31,40604.0
2022-01-01,29185.0
2022-01-02,28914.0
2022-01-03,53573.0
2022-01-04,56344.0
2022-01-05,57413.0
2022-01-06,59714.0
2022-01-07,60422.0
2022-01-08,45366.0
2022-01-09,38304.0
2022-01-10,58706.0
2022-01-11,39715.0
2022-01-12,45304.0
2022-01-13,43881.0
2022-01-14,50087.0
2022-01-15,41820.0
2022-01-16,32433.0
2022-01-17,36605.0
2022-01-18,46018.0
2022-01-19,27105.0
2022-01-20,41568.0
2022-01-21,51219.0
2022-01-22,44304.0
2022-01-23,41704.0
2022-01-24,63894.0
2022-01-25,47991.0
2022-01-26,63246.0
2022-01-27,59413.0
2022-01-28,56150.0
2022-01-29,38024.0
2022-01-30,31891.0
2022-01-31,29553.0
2022-02-01,14212.0
2022-02-02,28743.0
2022-02-03,46840.0
2022-02-04,45787.0
2022-02-05,31339.0
2022-02-06,31079.0
2022-02-07,52453.0
2022-02-08,58927.0
2022-02-09,62895.0
2022-02-10,64927.0
2022-02-11,67004.0
2022-02-12,58539.0
2022-02-13,52389.0
2022-02-14,46767.0
2022-02-15,47756.0
2022-02-16,42522.0
2022-02-17,46195.0
2022-02-18,56957.0
2022-02-19,39653.0
2022-02-20,30847.0
2022-02-21,48680.0
2022-02-22,48398.0
2022-02-23,47234.0
2022-02-24,53734.0
2022-02-25,61573.0
2022-02-26,38403.0
2022-02-27,52957.0
2022-02-28,72542.0
2022-03-01,49748.0
2022-03-02,70625.0
2022-03-03,77700.0
2022-03-04,72968.0
2022-03-05,55988.0
2022-03-06,53875.0
2022-03-07,72078.0
2022-03-08,81170.0
2022-03-09,88625.0
2022-03-10,86435.0
2022-03-11,97284.0
2022-03-12,80704.0
2022-03-13,37571.0
2022-03-14,48377.0
2022-03-15,90277.0
2022-03-16,98151.0
2022-03-17,76285.0
2022-03-18,77855.0
2022-03-19,33486.0
2022-03-20,67396.0
2022-03-21,84756.0
2022-03-22,96050.0
2022-03-23,86793.0
2022-03-24,94936.0
2022-03-25,80415.0
2022-03-26,61907.0
2022-03-27,86816.0
2022-03-28,104291.0
2022-03-29,112845.0
2022-03-30,87831.0
2022-03-31,110528.0
2022-04-01,117334.0
2022-04-02,107302.0
2022-04-03,111356.0
2022-04-04,117648.0
2022-04-05,122858.0
2022-04-06,127811.0
2022-04-07,126797.0
2022-04-08,143545.0
2022-04-09,148007.0
2022-04-10,150889.0
2022-04-11,151754.0
2022-04-12,119002.0
2022-04-13,92089.0
2022-04-14,122654.0
2022-04-15,141286.0
2022-04-16,134241.0
2022-04-17,129927.0
2022-04-18,139226.0
2022-04-19,144447.0
2022-04-20,148079.0
2022-04-21,149044.0
2022-04-22,129271.0
2022-04-23,146570.0
2022-04-24,133084.0
2022-04-25,129831.0
2022-04-26,152367.0
2022-04-27,156150.0
2022-04-28,157045.0
2022-04-29,115321.0
2022-04-30,125572.0
2022-05-01,123804.0
2022-05-02,155868.0
2022-05-03,161630.0
2022-05-04,169370.0
2022-05-05,161574.0
2022-05-06,167589.0
2022-05-07,143370.0
2022-05-08,83449.0
2022-05-09,165624.0
2022-05-10,171961.0
2022-05-11,172189.0
2022-05-12,173717.0
2022-05-13,173872.0
2022-05-14,147975.0
2022-05-15,146364.0
2022-05-16,170018.0
2022-05-17,174664.0
2022-05-18,147831.0
2022-05-19,171349.0
2022-05-20,177475.0
2022-05-21,158972.0
2022-05-22,149211.0
2022-05-23,169251.0
2022-05-24,176941.0
2022-05-25,134187.0
2022-05-26,172688.0
2022-05-27,183674.0
2022-05-28,164366.0
2022-05-29,148794.0
2022-05-30,161538.0
2022-05-31,183522.0
2022-06-01,171655.0
2022-06-02,177588.0
2022-06-03,180769.0
2022-06-04,157500.0
2022-06-05,126415.0
2022-06-06,136660.0
2022-06-07,179409.0
2022-06-08,182892.0
2022-06-09,150820.0
2022-06-10,155223.0
2022-06-11,160120.0
2022-06-12,143466.0
2022-06-13,169956.0
2022-06-14,166700.0
2022-06-15,73488.0
2022-06-16,159975.0
2022-06-17,181393.0
2022-06-18,153139.0
2022-06-19,143464.0
2022-06-20,181066.0
2022-06-21,178590.0
2022-06-22,182183.0
2022-06-23,54576.0
2022-06-24,152178.0
2022-06-25,146769.0
2022-06-26,122474.0
2022-06-27,94761.0
2022-06-28,112003.0
2022-06-29,52664.0
2022-06-30,8796.0
2022-07-01,157478.0
2022-07-02,131815.0
2022-07-03,114470.0
2022-07-04,151497.0
2022-07-05,149259.0
2022-07-06,142649.0
2022-07-07,116854.0
2022-07-08,150313.0
2022-07-09,134633.0
2022-07-10,110494.0
2022-07-11,146165.0
2022-07-12,167309.0
2022-07-13,21922.0
2022-07-14,152774.0
2022-07-15,167144.0
2022-07-16,110506.0
2022-07-17,128631.0
2022-07-18,166820.0
2022-07-19,168900.0
2022-07-20,145087.0
2022-07-21,112449.0
2022-07-22,153209.0
2022-07-23,79826.0
2022-07-24,113217.0
2022-07-25,145899.0
2022-07-26,160600.0
2022-07-27,161296.0
2022-07-28,155345.0
2022-07-29,147170.0
2022-07-30,107582.0
2022-07-31,29814.0
2022-08-01,108030.0
2022-08-02,57524.0
2022-08-03,102130.0
2022-08-04,148807.0
2022-08-05,145855.0
2022-08-06,106406.0
2022-08-07,97939.0
2022-08-08,21616.0
2022-08-09,482.0
2022-08-10,108151.0
2022-08-11,108359.0
2022-08-12,147097.0
2022-08-13,82347.0
2022-08-14,87778.0
2022-08-15,83889.0
2022-08-16,154263.0
2022-08-17,157994.0
2022-08-18,162179.0
2022-08-19,83749.0
2022-08-20,124465.0
2022-08-21,122389.0
2022-08-22,146073.0
2022-08-23,152206.0
2022-08-24,174857.0
2022-08-25,135159.0
2022-08-26,177282.0
2022-08-27,173160.0
2022-08-28,160420.0
2022-08-29,108865.0
2022-08-30,16813.0
2022-08-31,164301.0
2022-09-01,179336.0
2022-09-02,187990.0
2022-09-03,170688.0
2022-09-04,39346.0
2022-09-05,5208.0
2022-09-06,142342.0
2022-09-07,179905.0
2022-09-08,183813.0
2022-09-09,123214.0
2022-09-10,108686.0
2022-09-11,107761.0
2022-09-12,151839.0
2022-09-13,167657.0
2022-09-14,179633.0
2022-09-15,184021.0
2022-09-16,132178.0
2022-09-17,147264.0
2022-09-18,146847.0
2022-09-19,183189.0
2022-09-20,191649.0
2022-09-21,191553.0
2022-09-22,189285.0
2022-09-23,178981.0
2022-09-24,176719.0
2022-09-25,162743.0
2022-09-26,187571.0
2022-09-27,190672.0
2022-09-28,191600.0
2022-09-29,186204.0
2022-09-30,192638.0
2022-10-01,167146.0
2022-10-02,74506.0
2022-10-03,10809.0
2022-10-04,146100.0
2022-10-05,179824.0
2022-10-06,169381.0
2022-10-07,181964.0
2022-10-08,166740.0
2022-10-09,24968.0
2022-10-10,72486.0
2022-10-11,157516.0
2022-10-12,171262.0
2022-10-13,175695.0
2022-10-14,180404.0
2022-10-15,160508.0
2022-10-16,134682.0
2022-10-17,149615.0
2022-10-18,152318.0
2022-10-19,159650.0
2022-10-20,163096.0
2022-10-21,167708.0
2022-10-22,146898.0
2022-10-23,124544.0
2022-10-24,147964.0
2022-10-25,157819.0
2022-10-26,163030.0
2022-10-27,163519.0
2022-10-28,167013.0
2022-10-29,146310.0
2022-10-30,126689.0
2022-10-31,160105.0
2022-11-01,162918.0
2022-11-02,161139.0
2022-11-03,146670.0
2022-11-04,127701.0
2022-11-05,109291.0
2022-11-06,106962.0
2022-11-07,146674.0
2022-11-08,157941.0
2022-11-09,157102.0
2022-11-10,158857.0
2022-11-11,165833.0
2022-11-12,66917.0
2022-11-13,87874.0
2022-11-14,141077.0
2022-11-15,125177.0
2022-11-16,141697.0
2022-11-17,148576.0
2022-11-18,152302.0
2022-11-19,126814.0
2022-11-20,119927.0
2022-11-21,147806.0
2022-11-22,140744.0
2022-11-23,148238.0
2022-11-24,146932.0
2022-11-25,145164.0
2022-11-26,90547.0
2022-11-27,82725.0
2022-11-28,57036.0
2022-11-29,92580.0
2022-11-30,75346.0
2022-12-01,74904.0
2022-12-02,84067.0
2022-12-03,57915.0
2022-12-04,44873.0
2022-12-05,77693.0
2022-12-06,80832.0
2022-12-07,96195.0
2022-12-08,100979.0
2022-12-09,102213.0
2022-12-10,72960.0
2022-12-11,60129.0
2022-12-12,59098.0
2022-12-13,57490.0
2022-12-14,54486.0
2022-12-15,37021.0
2022-12-16,41953.0
2022-12-17,31405.0
2022-12-18,25468.0
2022-12-19,51854.0
2022-12-20,64282.0
2022-12-21,31784.0
2022-12-22,39874.0
2022-12-23,33723.0
2022-12-24,28612.0
2022-12-25,25623.0
2022-12-26,52582.0
2022-12-27,58890.0
2022-12-28,54012.0
2022-12-29,57393.0
2022-12-30,56058.0
2022-12-31,42347.0
2023-01-01,38037.0
2023-01-02,56609.0
2023-01-03,61252.0
2023-01-04,67721.0
2023-01-05,68711.0
2023-01-06,63125.0
2023-01-07,42492.0
2023-01-08,44620.0
2023-01-09,74134.0
2023-01-10,80604.0
2023-01-11,81988.0
2023-01-12,87595.0
2023-01-13,20792.0
2023-01-14,25896.0
2023-01-15,21415.0
2023-01-16,61311.0
2023-01-17,67337.0
2023-01-18,71361.0
2023-01-19,68359.0
2023-01-20,51398.0
2023-01-21,30226.0
2023-01-22,22752.0
2023-01-23,30880.0
2023-01-24,15265.0
2023-01-25,38329.0
2023-01-26,24340.0
2023-01-27,40221.0
2023-01-28,35890.0
2023-01-29,38347.0
2023-01-30,65611.0
2023-01-31,74828.0
2023-02-01,72476.0
2023-02-02,70755.0
2023-02-03,72693.0
2023-02-04,57939.0
2023-02-05,53806.0
2023-02-06,81306.0
2023-02-07,86528.0
2023-02-08,86848.0
2023-02-09,89612.0
2023-02-10,68845.0
2023-02-11,70625.0
2023-02-12,60692.0
2023-02-13,91952.0
2023-02-14,89966.0
2023-02-15,94666.0
2023-02-16,87394.0
2023-02-17,95472.0
2023-02-18,72419.0
2023-02-19,57600.0
2023-02-20,75725.0
2023-02-21,81584.0
2023-02-22,90322.0
2023-02-23,94719.0
2023-02-24,92586.0
2023-02-25,68023.0
2023-02-26,66858.0
2023-02-27,97898.0
2023-02-28,102196.0
2023-03-01,79638.0
2023-03-02,95453.0
2023-03-03,107215.0
2023-03-04,97286.0
2023-03-05,95137.0
2023-03-06,121403.0
2023-03-07,132494.0
2023-03-08,126428.0
2023-03-09,109299.0
2023-03-10,138823.0
2023-03-11,129567.0
2023-03-12,40919.0
2023-03-13,103769.0
2023-03-14,130020.0
2023-03-15,123017.0
2023-03-16,118553.0
2023-03-17,128106.0
2023-03-18,114617.0
2023-03-19,110627.0
2023-03-20,131591.0
2023-03-21,150433.0
2023-03-22,154551.0
2023-03-23,146757.0
2023-03-24,149034.0
2023-03-25,136959.0
2023-03-26,121288.0
2023-03-27,137985.0
2023-03-28,151848.0
2023-03-29,161395.0
2023-03-30,167433.0
2023-03-31,173890.0
2023-04-01,171977.0
2023-04-02,172417.0
2023-04-03,181275.0
2023-04-04,136861.0
2023-04-05,23103.0
2023-04-06,62143.0
2023-04-07,140643.0
2023-04-08,131981.0
2023-04-09,131332.0
2023-04-10,163117.0
2023-04-11,105357.0
2023-04-12,143620.0
2023-04-13,148980.0
2023-04-14,167790.0
2023-04-15,97305.0
2023-04-16,112187.0
2023-04-17,160891.0
2023-04-18,106064.0
2023-04-19,180747.0
2023-04-20,150795.0
2023-04-21,177951.0
2023-04-22,158022.0
2023-04-23,140444.0
2023-04-24,170623.0
2023-04-25,88208.0
2023-04-26,153562.0
2023-04-27,174520.0
2023-04-28,165729.0
2023-04-29,51329.0
2023-04-30,113123.0
2023-05-01,169163.0
2023-05-02,181358.0
2023-05-03,191700.0
2023-05-04,177946.0
2023-05-05,15582.0
2023-05-06,38108.0
2023-05-07,122748.0
2023-05-08,178650.0
2023-05-09,186373.0
2023-05-10,188820.0
2023-05-11,188666.0
2023-05-12,191294.0
2023-05-13,164530.0
2023-05-14,159839.0
2023-05-15,191110.0
2023-05-16,191713.0
2023-05-17,193524.0
2023-05-18,175236.0
2023-05-19,200052.0
2023-05-20,170201.0
2023-05-21,146665.0
2023-05-22,178834.0
2023-05-23,199093.0
2023-05-24,197705.0
2023-05-25,194905.0
2023-05-26,195431.0
2023-05-27,31642.0
2023-05-28,4992.0
2023-05-29,142076.0
2023-05-30,188617.0
2023-05-31,196321.0
2023-06-01,199164.0
2023-06-02,201999.0
2023-06-03,170766.0
2023-06-04,155376.0
2023-06-05,194306.0
2023-06-06,167366.0
2023-06-07,196585.0
2023-06-08,169188.0
2023-06-09,193084.0
2023-06-10,141922.0
2023-06-11,131271.0
2023-06-12,183371.0
2023-06-13,203584.0
2023-06-14,189563.0
2023-06-15,199265.0
2023-06-16,200404.0
2023-06-17,164879.0
2023-06-18,140332.0
2023-06-19,181878.0
2023-06-20,161787.0
2023-06-21,93551.0
2023-06-22,192382.0
2023-06-23,196517.0
2023-06-24,155928.0
2023-06-25,133566.0
2023-06-26,59288.0
2023-06-27,179792.0
2023-06-28,185929.0
2023-06-29,35326.0
2023-06-30,155252.0
2023-07-01,138848.0
2023-07-02,132519.0
2023-07-03,171026.0
2023-07-04,79773.0
2023-07-05,171939.0
2023-07-06,185517.0
2023-07-07,191206.0
2023-07-08,154423.0
2023-07-09,81833.0
2023-07-10,159154.0
2023-07-11,56819.0
2023-07-12,168418.0
2023-07-13,41165.0
2023-07-14,24226.0
2023-07-15,69393.0
2023-07-16,93350.0
2023-07-17,147346.0
2023-07-18,118187.0
2023-07-19,173226.0
2023-07-20,169877.0
2023-07-21,160865.0
2023-07-22,84758.0
2023-07-23,31837.0
2023-07-24,161070.0
2023-07-25,158705.0
2023-07-26,146479.0
2023-07-27,159895.0
2023-07-28,153268.0
2023-07-29,119933.0
2023-07-30,81868.0
2023-07-31,145077.0
2023-08-01,152764.0
2023-08-02,153384.0
2023-08-03,152246.0
2023-08-04,147761.0
2023-08-05,112326.0
2023-08-06,96077.0
2023-08-07,145554.0
2023-08-08,153593.0
2023-08-09,155572.0
2023-08-10,9333.0
2023-08-11,47228.0
2023-08-12,102782.0
2023-08-13,119034.0
2023-08-14,156353.0
2023-08-15,132095.0
2023-08-16,169885.0
2023-08-17,170943.0
2023-08-18,161698.0
2023-08-19,134303.0
2023-08-20,122592.0
2023-08-21,163981.0
2023-08-22,101681.0
2023-08-23,57844.0
2023-08-24,148749.0
2023-08-25,173593.0
2023-08-26,149424.0
2023-08-27,126015.0
2023-08-28,66917.0
2023-08-29,63964.0
2023-08-30,100739.0
2023-08-31,187063.0
2023-09-01,196234.0
2023-09-02,167368.0
2023-09-03,136338.0
2023-09-04,178038.0
2023-09-05,174696.0
2023-09-06,187670.0
2023-09-07,131889.0
2023-09-08,196674.0
2023-09-09,167334.0
2023-09-10,153532.0
2023-09-11,199362.0
2023-09-12,201165.0
2023-09-13,53263.0
2023-09-14,194667.0
2023-09-15,116772.0
2023-09-16,94644.0
2023-09-17,135100.0
2023-09-18,200344.0
2023-09-19,202886.0
2023-09-20,37782.0
2023-09-21,198839.0
2023-09-22,211000.0
2023-09-23,186459.0
2023-09-24,167382.0
2023-09-25,157395.0
2023-09-26,27143.0
2023-09-27,141358.0
2023-09-28,126058.0
2023-09-29,103986.0
2023-09-30,103695.0
2023-10-01,151020.0
2023-10-02,171036.0
2023-10-03,167059.0
2023-10-04,132537.0
2023-10-05,186080.0
2023-10-06,200078.0
2023-10-07,176986.0
2023-10-08,141615.0
2023-10-09,151130.0
2023-10-10,195286.0
2023-10-11,204173.0
2023-10-12,201396.0
2023-10-13,203659.0
2023-10-14,111638.0
2023-10-15,159332.0
2023-10-16,189744.0
2023-10-17,191776.0
2023-10-18,193924.0
2023-10-19,118197.0
2023-10-20,170244.0
2023-10-21,132500.0
2023-10-22,134066.0
2023-10-23,184120.0
2023-10-24,187766.0
2023-10-25,192778.0
2023-10-26,164556.0
2023-10-27,192266.0
2023-10-28,160764.0
2023-10-29,147452.0
2023-10-30,186956.0
2023-10-31,193108.0
2023-11-01,187987.0
2023-11-02,202591.0
2023-11-03,160432.0
2023-11-04,161023.0
2023-11-05,59274.0
2023-11-06,47700.0
2023-11-07,138377.0
2023-11-08,159097.0
2023-11-09,134271.0
2023-11-10,129657.0
2023-11-11,87798.0
2023-11-12,68275.0
2023-11-13,117868.0
2023-11-14,136266.0
2023-11-15,147369.0
2023-11-16,58048.0
2023-11-17,106103.0
2023-11-18,74022.0
2023-11-19,84580.0
2023-11-20,133538.0
2023-11-21,142667.0
2023-11-22,148945.0
2023-11-23,131152.0
2023-11-24,99893.0
2023-11-25,70554.0
2023-11-26,71061.0
2023-11-27,77697.0
2023-11-28,109150.0
2023-11-29,100192.0
2023-11-30,88350.0
2023-12-01,92493.0
2023-12-02,72805.0
2023-12-03,64171.0
2023-12-04,109554.0
2023-12-05,124074.0
2023-12-06,88354.0
2023-12-07,120227.0
2023-12-08,131896.0
2023-12-09,104904.0
2023-12-10,90687.0
2023-12-11,21196.0
2023-12-12,107450.0
2023-12-13,122098.0
2023-12-14,32536.0
2023-12-15,29494.0
2023-12-16,35059.0
2023-12-17,29901.0
2023-12-18,62249.0
2023-12-19,66154.0
2023-12-20,42819.0
2023-12-21,45353.0
2023-12-22,46935.0
2023-12-23,41327.0
2023-12-24,27591.0
2023-12-25,27330.0
2023-12-26,74783.0
2023-12-27,82145.0
2023-12-28,82354.0
2023-12-29,84168.0
2023-12-30,15214.0
2023-12-31,29130.0
2024-01-01,46628.0
2024-01-02,86401.0
2024-01-03,71808.0
2024-01-04,90108.0
2024-01-05,94927.0
2024-01-06,57180.0
2024-01-07,31453.0
2024-01-08,64954.0
2024-01-09,38225.0
2024-01-10,68182.0
2024-01-11,81574.0
2024-01-12,83980.0
2024-01-13,64103.0
2024-01-14,29012.0
2024-01-15,69544.0
2024-01-16,78773.0
2024-01-17,36751.0
2024-01-18,75781.0
2024-01-19,90533.0
2024-01-20,41784.0
2024-01-21,36990.0
2024-01-22,48141.0
2024-01-23,43598.0
2024-01-24,50773.0
2024-01-25,62375.0
2024-01-26,75067.0
2024-01-27,57701.0
2024-01-28,48386.0
2024-01-29,78804.0
2024-01-30,86601.0
2024-01-31,93214.0
2024-02-01,91544.0
2024-02-02,94974.0
2024-02-03,67695.0
2024-02-04,72953.0
2024-02-05,28210.0
2024-02-06,75271.0
2024-02-07,83375.0
2024-02-08,87766.0
2024-02-09,46882.0
2024-02-10,34185.0
2024-02-11,42844.0
2024-02-12,65447.0
2024-02-13,105499.0
2024-02-14,123164.0
2024-02-15,56314.0
2024-02-16,99958.0
2024-02-17,89419.0
2024-02-18,39094.0
2024-02-19,39918.0
2024-02-20,54441.0
2024-02-21,9619.0
2024-02-22,29138.0
2024-02-23,75743.0
2024-02-24,55705.0
2024-02-25,49385.0
2024-02-26,98027.0
2024-02-27,104192.0
2024-02-28,108938.0
2024-02-29,102015.0
2024-03-01,45204.0
2024-03-02,54616.0
2024-03-03,65373.0
2024-03-04,108123.0
2024-03-05,110781.0
2024-03-06,116840.0
2024-03-07,98089.0
2024-03-08,99708.0
2024-03-09,78186.0
2024-03-10,81205.0
2024-03-11,114642.0
2024-03-12,79702.0
2024-03-13,120871.0
2024-03-14,126960.0
2024-03-15,130984.0
2024-03-16,118337.0
2024-03-17,87958.0
2024-03-18,123585.0
2024-03-19,102650.0
2024-03-20,112271.0
2024-03-21,122109.0
2024-03-22,81659.0
2024-03-23,123505.0
2024-03-24,142056.0
2024-03-25,58731.0
2024-03-26,87493.0
2024-03-27,141397.0
2024-03-28,88262.0
2024-03-29,91985.0
2024-03-30,111705.0
2024-03-31,126243.0
2024-04-01,150002.0
2024-04-02,167903.0
2024-04-03,152464.0
2024-04-04,169116.0
2024-04-05,175780.0
2024-04-06,160694.0
2024-04-07,155134.0
2024-04-08,165760.0
2024-04-09,175200.0
2024-04-10,153280.0
2024-04-11,159020.0
2024-04-12,178590.0
2024-04-13,162840.0
2024-04-14,147697.0
2024-04-15,62443.0
2024-04-16,121310.0
2024-04-17,163251.0
2024-04-18,170395.0
2024-04-19,176559.0
2024-04-20,41458.0
2024-04-21,129191.0
2024-04-22,176577.0
2024-04-23,151845.0
2024-04-24,109248.0
2024-04-25,170659.0
2024-04-26,180700.0
2024-04-27,161805.0
2024-04-28,147985.0
2024-04-29,180040.0
2024-04-30,182958.0
2024-05-01,181443.0
2024-05-02,186109.0
2024-05-03,190519.0
2024-05-04,157017.0
2024-05-05,14293.0
2024-05-06,25675.0
2024-05-07,73352.0
2024-05-08,176786.0
2024-05-09,177956.0
2024-05-10,189095.0
2024-05-11,62198.0
2024-05-12,146932.0
2024-05-13,182540.0
2024-05-14,192269.0
2024-05-15,54567.0
2024-05-16,171721.0
2024-05-17,190748.0
2024-05-18,169969.0
2024-05-19,152135.0
2024-05-20,178259.0
2024-05-21,186302.0
2024-05-22,186678.0
2024-05-23,185658.0
2024-05-24,189921.0
2024-05-25,167431.0
2024-05-26,62695.0
2024-05-27,179257.0
2024-05-28,193347.0
2024-05-29,189821.0
2024-05-30,187451.0
2024-05-31,186899.0
2024-06-01,167886.0
2024-06-02,154185.0
2024-06-03,187325.0
2024-06-04,194258.0
2024-06-05,193174.0
2024-06-06,150192.0
2024-06-07,176158.0
2024-06-08,108169.0
2024-06-09,144226.0
2024-06-10,184822.0
2024-06-11,185345.0
2024-06-12,185744.0
2024-06-13,180576.0
2024-06-14,184775.0
2024-06-15,135549.0
2024-06-16,138909.0
2024-06-17,183979.0
2024-06-18,185043.0
2024-06-19,176984.0
2024-06-20,176293.0
2024-06-21,181238.0
2024-06-22,60130.0
2024-06-23,106453.0
2024-06-24,176793.0
2024-06-25,194249.0
2024-06-26,186839.0
2024-06-27,184941.0
2024-06-28,178144.0
2024-06-29,100000.0
2024-06-30,95582.0
2024-07-01,182412.0
2024-07-02,39425.0
2024-07-03,164923.0
2024-07-04,158343.0
2024-07-05,170995.0
2024-07-06,95369.0
2024-07-07,82462.0
2024-07-08,49089.0
2024-07-09,131047.0
2024-07-10,157084.0
2024-07-11,176887.0
2024-07-12,178478.0
2024-07-13,132048.0
2024-07-14,116657.0
2024-07-15,166497.0
2024-07-16,94003.0
2024-07-17,52002.0
2024-07-18,42868.0
2024-07-19,158625.0
2024-07-20,84494.0
2024-07-21,97479.0
2024-07-22,85679.0
2024-07-23,113320.0
2024-07-24,126761.0
2024-07-25,131194.0
2024-07-26,117455.0
2024-07-27,76401.0
2024-07-28,102036.0
2024-07-29,138818.0
2024-07-30,150513.0
2024-07-31,149869.0
2024-08-01,145489.0
2024-08-02,140156.0
2024-08-03,105224.0
2024-08-04,89614.0
2024-08-05,123157.0
2024-08-06,136544.0
2024-08-07,141042.0
2024-08-08,137397.0
2024-08-09,139485.0
2024-08-10,114532.0
2024-08-11,99631.0
2024-08-12,143230.0
2024-08-13,134079.0
2024-08-14,132732.0
2024-08-15,102411.0
2024-08-16,140851.0
2024-08-17,105965.0
2024-08-18,93509.0
2024-08-19,143004.0
2024-08-20,146665.0
2024-08-21,73100.0
2024-08-22,125878.0
2024-08-23,151308.0
2024-08-24,105514.0
2024-08-25,101723.0
2024-08-26,142238.0
2024-08-27,149070.0
2024-08-28,166242.0
2024-08-29,166666.0
2024-08-30,167333.0
2024-08-31,134545.0
2024-09-01,125170.0
2024-09-02,153796.0
2024-09-03,178909.0
2024-09-04,176857.0
2024-09-05,142476.0
2024-09-06,150540.0
2024-09-07,148978.0
2024-09-08,131434.0
2024-09-09,170529.0
2024-09-10,169983.0
2024-09-11,154083.0
2024-09-12,62023.0
2024-09-13,75826.0
2024-09-14,115908.0
2024-09-15,102890.0
2024-09-16,89292.0
2024-09-17,79402.0
2024-09-18,101367.0
2024-09-19,155491.0
2024-09-20,49130.0
2024-09-21,112110.0
2024-09-22,159567.0
2024-09-23,188300.0
2024-09-24,191168.0
2024-09-25,187734.0
2024-09-26,176103.0
2024-09-27,191573.0
2024-09-28,169000.0
2024-09-29,154569.0
2024-09-30,186558.0
2024-10-01,131750.0
2024-10-02,176842.0
2024-10-03,154012.0
2024-10-04,181964.0
2024-10-05,165479.0
2024-10-06,108639.0
2024-10-07,173890.0
2024-10-08,182682.0
2024-10-09,160343.0
2024-10-10,180124.0
2024-10-11,189284.0
2024-10-12,161687.0
2024-10-13,142166.0
2024-10-14,171314.0
2024-10-15,155623.0
2024-10-16,181100.0
2024-10-17,181165.0
2024-10-18,78685.0
2024-10-19,130845.0
2024-10-20,122491.0
2024-10-21,154414.0
2024-10-22,26820.0
2024-10-23,143682.0
2024-10-24,159378.0
2024-10-25,166458.0
2024-10-26,145497.0
2024-10-27,110957.0
2024-10-28,159283.0
2024-10-29,154503.0
2024-10-30,167863.0
2024-10-31,167817.0
2024-11-01,166375.0
2024-11-02,146379.0
2024-11-03,132614.0
2024-11-04,153235.0
2024-11-05,145636.0
2024-11-06,138914.0
2024-11-07,140432.0
2024-11-08,146639.0
2024-11-09,125849.0
2024-11-10,115697.0
2024-11-11,155328.0
2024-11-12,158301.0
2024-11-13,162971.0
2024-11-14,137483.0
2024-11-15,158838.0
2024-11-16,80378.0
2024-11-17,78614.0
2024-11-18,109684.0
2024-11-19,124669.0
2024-11-20,124098.0
2024-11-21,127471.0
2024-11-22,127424.0
2024-11-23,95085.0
2024-11-24,85907.0
2024-11-25,130589.0
2024-11-26,35385.0
2024-11-27,20902.0
2024-11-28,42961.0
2024-11-29,73916.0
2024-11-30,57423.0
2024-12-01,58689.0
2024-12-02,100413.0
2024-12-03,94723.0
2024-12-04,97375.0
2024-12-05,83592.0
2024-12-06,92791.0
2024-12-07,66505.0
2024-12-08,50139.0
2024-12-09,89588.0
2024-12-10,95376.0
2024-12-11,98567.0
2024-12-12,91976.0
2024-12-13,89574.0
2024-12-14,64507.0
2024-12-15,51245.0
2024-12-16,78064.0
2024-12-17,83421.0
2024-12-18,76140.0
2024-12-19,79368.0
2024-12-20,80214.0
2024-12-21,39455.0
2024-12-22,37978.0
2024-12-23,76146.0
2024-12-24,77783.0
2024-12-25,45247.0
2024-12-26,69113.0
2024-12-27,68333.0
2024-12-28,45732.0
2024-12-29,43614.0
2024-12-30,79482.0
2024-12-31,72945.0
